{"cameraMode":{"drawMode":0,"name":"Shaded","section":"Shading Mode"},"sceneLighting":false,"audioPlay":false,"sceneViewState":{"showFog":true,"showMaterialUpdate":true,"showSkybox":false,"showFlares":true,"showImageEffects":true,"showParticleSystems":true},"in2DMode":false,"pivot":{"x":-0.03218311071395874,"y":-0.30103233456611636,"z":-1.3326971530914307},"rotation":{"x":0.110115647315979,"y":0.19341731071472169,"z":-0.02185182459652424,"w":0.9746731519699097},"size":1.8976696729660035,"orthographic":false}