{"cameraMode":{"drawMode":0,"name":"Shaded","section":"Shading Mode"},"sceneLighting":true,"audioPlay":false,"sceneViewState":{"showFog":true,"showMaterialUpdate":true,"showSkybox":true,"showFlares":true,"showImageEffects":true,"showParticleSystems":true},"in2DMode":false,"pivot":{"x":105.74259948730469,"y":20.75035858154297,"z":86.55924224853516},"rotation":{"x":-0.2915308475494385,"y":-0.13291554152965547,"z":0.04087606072425842,"w":-0.9464371204376221},"size":22.570518493652345,"orthographic":false}