{"cameraMode":{"drawMode":0,"name":"Shaded","section":"Shading Mode"},"sceneLighting":false,"audioPlay":false,"sceneViewState":{"showFog":true,"showMaterialUpdate":true,"showSkybox":false,"showFlares":true,"showImageEffects":true,"showParticleSystems":true},"in2DMode":false,"pivot":{"x":-2.6601433753967287,"y":-1.3483213186264039,"z":0.6977844834327698},"rotation":{"x":-0.09844134747982025,"y":-0.11853357404470444,"z":0.01181025244295597,"w":-0.9879945516586304},"size":5.094133377075195,"orthographic":false}